Area Code,Area Code (M49),Area,Item Code,Item Code (CPC),Item,Element Code,Element,Unit,Y1961,Y1962,Y1963,Y1964,Y1965,Y1966,Y1967,Y1968,Y1969,Y1970,Y1971,Y1972,Y1973,Y1974,Y1975,Y1976,Y1977,Y1978,Y1979,Y1980,Y1981,Y1982,Y1983,Y1984,Y1985,Y1986,Y1987,Y1988,Y1989,Y1990,Y1991,Y1992,Y1993,Y1994,Y1995,Y1996,Y1997,Y1998,Y1999,Y2000,Y2001,Y2002,Y2003,Y2004,Y2005,Y2006,Y2007,Y2008,Y2009,Y2010,Y2011,Y2012,Y2013,Y2014,Y2015,Y2016,Y2017,Y2018,Y2019,Y2020,Y2021,Y2022,Y2023
"2","'004","Afghanistan","221","'01371","Almonds, in shell","5312","Area harvested","ha","0.000000","0.000000","0.000000","0.000000","0.000000","0.000000","0.000000","0.000000","0.000000","0.000000","0.000000","0.000000","0.000000","0.000000","0.000000","5900.000000","6000.000000","6000.000000","6000.000000","5800.000000","5800.000000","5800.000000","5700.000000","5700.000000","5600.000000","5500.000000","5500.000000","5400.000000","5400.000000","6037.000000","5500.000000","5500.000000","5500.000000","5500.000000","5500.000000","5500.000000","5500.000000","5500.000000","5500.000000","7000.000000","9000.000000","5500.000000","5700.000000","12000.000000","11768.000000","12000.000000","12000.000000","12000.000000","11029.000000","11210.000000","13469.000000","13490.000000","14114.000000","13703.000000","14676.000000","19481.000000","19793.000000","20053.000000","29203.000000","22134.000000","36862.000000","36462.000000","37000.000000"
"2","'004","Afghanistan","221","'01371","Almonds, in shell","5412","Yield","kg/ha",,,,,,,,,,,,,,,,"1661.000000","1500.000000","2000.000000","1750.000000","1706.900000","1379.300000","1896.600000","1701.800000","1842.100000","1607.100000","1818.200000","1636.400000","1666.700000","1629.600000","1573.600000","1636.400000","1800.000000","1636.400000","1636.400000","1636.400000","1636.400000","1636.400000","1636.400000","2000.000000","1714.300000","1666.700000","2140.700000","2456.100000","1225.000000","1328.100000","1666.700000","2623.400000","3500.000000","3915.400000","4995.500000","4500.000000","4596.000000","2991.000000","1999.600000","1652.100000","1685.900000","1378.800000","1716.100000","1308.300000","1775.900000","1743.200000","1742.000000","1810.800000"
"2","'004","Afghanistan","221","'01371","Almonds, in shell","5510","Production","t","0.000000","0.000000","0.000000","0.000000","0.000000","0.000000","0.000000","0.000000","0.000000","0.000000","0.000000","0.000000","0.000000","0.000000","0.000000","9800.000000","9000.000000","12000.000000","10500.000000","9900.000000","8000.000000","11000.000000","9700.000000","10500.000000","9000.000000","10000.000000","9000.000000","9000.000000","8800.000000","9500.000000","9000.000000","9900.000000","9000.000000","9000.000000","9000.000000","9000.000000","9000.000000","9000.000000","11000.000000","12000.000000","15000.000000","11773.990000","14000.000000","14700.000000","15630.000000","20000.000000","31481.000000","42000.000000","43183.000000","56000.000000","60611.000000","62000.000000","42215.000000","27400.000000","24246.000000","32843.000000","27291.000000","34413.000000","38205.000000","39307.000000","64256.000000","63515.000000","67000.000000"
"2","'004","Afghanistan","711","'01654","Anise, badian, coriander, cumin, caraway, fennel and juniper berries, raw","5312","Area harvested","ha",,,,,,,,,,,,,,,,,,,,,,,,,,"700.000000","700.000000","300.000000","1100.000000","1300.000000","1882.000000","700.000000","2270.000000","2871.000000","3000.000000","7000.000000","4000.000000","12000.000000","11311.000000","4000.000000","1600.000000","3300.000000","6800.000000","15000.000000","16000.000000","17432.000000","28000.000000","15000.000000","17748.000000","17000.000000","19500.000000","18500.000000","18500.000000","30000.000000","25000.000000","24500.000000","26160.000000","25220.000000","25293.000000","25558.000000","25357.000000","25403.000000","25439.000000"
"2","'004","Afghanistan","711","'01654","Anise, badian, coriander, cumin, caraway, fennel and juniper berries, raw","5412","Yield","kg/ha",,,,,,,,,,,,,,,,,,,,,,,,,,"714.300000","714.300000","666.700000","727.300000","769.200000","707.200000","714.300000","685.400000","676.100000","666.700000","600.000000","625.000000","591.700000","618.900000","625.000000","625.000000","606.100000","602.900000","600.000000","625.000000","622.200000","607.100000","600.000000","620.300000","600.000000","641.400000","675.700000","675.700000","716.700000","720.000000","707.500000","697.000000","708.000000","704.100000","703.000000","705.000000","704.000000","704.000000"
"2","'004","Afghanistan","711","'01654","Anise, badian, coriander, cumin, caraway, fennel and juniper berries, raw","5510","Production","t",,,,,,,,,,,,,,,,,,,,,,,,,,"500.000000","500.000000","200.000000","800.000000","1000.000000","1331.240000","500.000000","1556.060000","1940.650000","2000.000000","4200.000000","2500.000000","7100.000000","7000.000000","2500.000000","1000.000000","2000.000000","4100.000000","9000.000000","10000.000000","10846.180000","17000.000000","9000.000000","11008.470000","10200.000000","12508.000000","12500.000000","12500.000000","21500.000000","18000.000000","17333.330000","18234.120000","17855.820000","17807.760000","17965.900000","17876.490000","17883.380000","17908.590000"
"2","'004","Afghanistan","515","'01341","Apples","5312","Area harvested","ha","2220.000000","2220.000000","2220.000000","2350.000000","2480.000000","2740.000000","3060.000000","2990.000000","3040.000000","3060.000000","3060.000000","3150.000000","3210.000000","3270.000000","3270.000000","3270.000000","3280.000000","3250.000000","3150.000000","3150.000000","3080.000000","2960.000000","2850.000000","2730.000000","2660.000000","2590.000000","2230.000000","2330.000000","2340.000000","2365.000000","2346.000000","2308.000000","2300.000000","2350.000000","2631.000000","3135.000000","3748.000000","4410.000000","4930.000000","5598.000000","5482.000000","5045.000000","3935.000000","2311.000000","2751.000000","7000.000000","7000.000000","7000.000000","8550.000000","8550.000000","8863.000000","9148.000000","10341.000000","12247.000000","13038.000000","19365.000000","26847.000000","28381.000000","27559.000000","25643.000000","30463.000000","30163.000000","31000.000000"
"2","'004","Afghanistan","515","'01341","Apples","5412","Yield","kg/ha","6801.800000","6801.800000","6801.800000","7829.800000","8225.800000","8321.200000","9019.600000","9331.100000","9276.300000","8921.600000","7026.100000","8444.400000","8598.100000","8501.500000","8532.100000","8012.200000","4725.600000","6984.600000","6857.100000","7079.400000","7175.300000","7229.700000","7298.200000","7326.000000","7180.500000","7490.300000","7443.900000","7253.200000","7222.200000","7131.900000","7463.600000","7451.600000","7391.300000","7446.800000","7476.600000","7445.200000","7398.200000","7343.300000","7288.300000","7241.500000","7213.500000","7062.000000","7126.600000","7222.800000","7357.100000","7500.000000","8500.000000","8008.700000","8510.500000","7000.000000","7000.000000","7651.900000","7600.500000","7300.000000","6882.400000","7276.200000","6348.700000","7652.700000","9083.200000","10562.600000","10559.400000","10556.000000","10451.600000"
"2","'004","Afghanistan","515","'01341","Apples","5510","Production","t","15100.000000","15100.000000","15100.000000","18400.000000","20400.000000","22800.000000","27600.000000","27900.000000","28200.000000","27300.000000","21500.000000","26600.000000","27600.000000","27800.000000","27900.000000","26200.000000","15500.000000","22700.000000","21600.000000","22300.000000","22100.000000","21400.000000","20800.000000","20000.000000","19100.000000","19400.000000","16600.000000","16900.000000","16900.000000","16867.000000","17507.390000","17200.000000","17000.000000","17500.000000","19668.680000","23340.580000","27727.090000","32386.330000","35928.150000","40540.060000","39541.740000","35630.080000","28042.990000","16691.830000","20239.340000","52500.000000","59500.000000","56060.690000","72765.000000","59850.000000","62041.000000","70000.000000","78597.000000","89403.000000","89733.000000","140903.000000","170443.000000","217192.000000","250324.000000","270857.000000","321672.000000","318402.000000","324000.000000"
"2","'004","Afghanistan","526","'01343","Apricots","5312","Area harvested","ha","4820.000000","4820.000000","4820.000000","5100.000000","5370.000000","5930.000000","6620.000000","6480.000000","6590.000000","6630.000000","6630.000000","6810.000000","6950.000000","7070.000000","7080.000000","7080.000000","7100.000000","7050.000000","6810.000000","6820.000000","6680.000000","6410.000000","6170.000000","5920.000000","5750.000000","5610.000000","4830.000000","5050.000000","5060.000000","5115.000000","4876.000000","4951.000000","5100.000000","5119.000000","5150.000000","5325.000000","5407.000000","5505.000000","5612.000000","5754.000000","5200.000000","6272.000000","7007.000000","5200.000000","7223.000000","8030.000000","8000.000000","8000.000000","8170.000000","8320.000000","8320.000000","8350.000000","9005.000000","9005.000000","9116.000000","8595.000000","18067.000000","18510.000000","17719.000000","17481.000000","27082.000000","26731.000000","22008.000000"
"2","'004","Afghanistan","526","'01343","Apricots","5412","Yield","kg/ha","6639.000000","6639.000000","6639.000000","7686.300000","8081.900000","8161.900000","8867.100000","9166.700000","9104.700000","8763.200000","6892.900000","8296.600000","8460.400000","8373.400000","8404.000000","7867.200000","4662.000000","6851.100000","6754.800000","6964.800000","7050.900000","7082.700000","7179.900000","7179.100000","7078.300000","7361.900000","7308.500000","7108.900000","7134.400000","7044.000000","7527.800000","7413.100000","7254.900000","7357.600000","7281.600000","7393.400000","7421.700000","7446.500000","7458.900000","7445.100000","7307.700000","7296.000000","7177.300000","7084.600000","6870.500000","6226.700000","7250.000000","7444.800000","7343.900000","8000.000000","8172.500000","10000.000000","9994.400000","9994.400000","9618.900000","2081.900000","7296.000000","5893.400000","7300.800000","7538.900000","7661.500000","6378.700000","7062.400000"
"2","'004","Afghanistan","526","'01343","Apricots","5510","Production","t","32000.000000","32000.000000","32000.000000","39200.000000","43400.000000","48400.000000","58700.000000","59400.000000","60000.000000","58100.000000","45700.000000","56500.000000","58800.000000","59200.000000","59500.000000","55700.000000","33100.000000","48300.000000","46000.000000","47500.000000","47100.000000","45400.000000","44300.000000","42500.000000","40700.000000","41300.000000","35300.000000","35900.000000","36100.000000","36030.000000","36708.450000","36700.000000","37000.000000","37665.370000","37500.000000","39368.080000","40131.310000","40990.150000","41855.980000","42840.300000","38000.000000","45758.330000","50291.560000","36840.160000","49623.010000","50000.000000","58000.000000","59558.730000","60000.000000","66560.000000","67995.240000","83500.000000","90000.000000","90000.000000","87686.000000","17894.000000","131816.000000","109086.000000","129363.000000","131788.000000","207490.000000","170508.000000","155429.380000"
"2","'004","Afghanistan","1107","'02132","Asses","5111","Stocks","An","1300000.000000","851850.000000","1001112.000000","1150000.000000","1300000.000000","1200000.000000","1200000.000000","1328000.000000","1250000.000000","1300000.000000","1300000.000000","1300000.000000","1250000.000000","1250000.000000","1250000.000000","1250000.000000","1300000.000000","1300000.000000","1300000.000000","1295000.000000","1315000.000000","1315000.000000","1315000.000000","1318000.000000","1321000.000000","1325000.000000","1300000.000000","1000000.000000","800000.000000","600000.000000","500000.000000","500000.000000","500000.000000","600000.000000","704000.000000","753000.000000","805000.000000","860000.000000","919940.000000","682000.000000","682000.000000","1588000.000000","1598000.000000","1614000.000000","1391000.000000","1215000.000000","1472000.000000","1209000.000000","1322000.000000","1405000.000000","1466000.000000","1423000.000000","1451000.000000","1441000.000000","1481000.000000","1472100.000000","1317000.000000","1329850.000000","1402909.000000","1520555.000000","1493288.000000","1506699.000000","1520111.000000"
"2","'004","Afghanistan","44","'0115","Barley","5312","Area harvested","ha","350000.000000","350000.000000","350000.000000","350000.000000","350000.000000","350000.000000","316000.000000","317000.000000","317000.000000","315000.000000","315000.000000","320000.000000","320000.000000","340200.000000","320000.000000","310000.000000","310000.000000","310000.000000","304000.000000","306000.000000","278000.000000","257000.000000","242000.000000","234000.000000","221000.000000","213000.000000","213000.000000","212000.000000","211000.000000","205000.000000","204000.000000","250000.000000","250000.000000","250000.000000","225000.000000","220000.000000","200000.000000","200000.000000","180000.000000","124000.000000","87000.000000","236000.000000","270000.000000","315000.000000","240000.000000","236000.000000","236000.000000","236000.000000","267000.000000","212000.000000","190000.000000","280000.000000","278000.000000","342472.000000","282000.000000","219208.000000","68179.000000","84147.000000","84070.000000","86099.000000","40273.000000","61952.000000","80000.000000"
"2","'004","Afghanistan","44","'0115","Barley","5412","Yield","kg/ha","1080.000000","1080.000000","1080.000000","1085.700000","1085.700000","1071.400000","1129.700000","1138.800000","1151.400000","1174.600000","1127.000000","1093.800000","1125.000000","1117.000000","1200.000000","1290.300000","967.700000","1048.400000","1046.100000","1049.000000","1079.100000","1073.900000","1099.200000","1085.500000","1086.000000","1084.500000","1084.500000","1108.500000","1094.800000","1053.700000","1063.700000","800.000000","1000.000000","920.000000","888.900000","1000.000000","1250.000000","1200.000000","1200.000000","596.800000","1000.000000","1461.900000","888.900000","920.600000","1404.200000","1542.400000","1567.800000","1411.000000","1820.200000","2061.300000","1610.000000","1800.000000","1848.900000","1521.300000","1429.100000","1377.000000","1393.300000","674.800000","1469.900000","1483.800000","1616.500000","1528.400000","1375.000000"
"2","'004","Afghanistan","44","'0115","Barley","5510","Production","t","378000.000000","378000.000000","378000.000000","380000.000000","380000.000000","375000.000000","357000.000000","361000.000000","365000.000000","370000.000000","355000.000000","350000.000000","360000.000000","380000.000000","384000.000000","400000.000000","300000.000000","325000.000000","318000.000000","321000.000000","300000.000000","276000.000000","266000.000000","254000.000000","240000.000000","231000.000000","231000.000000","235000.000000","231000.000000","216000.000000","217000.000000","200000.000000","250000.000000","230000.000000","200000.000000","220000.000000","250000.000000","240000.000000","216000.000000","74000.000000","87000.000000","345000.000000","240000.000000","290000.000000","337000.000000","364000.000000","370000.000000","333000.000000","486000.000000","437000.000000","305900.000000","504000.000000","514000.000000","521000.000000","403000.000000","301856.000000","94995.000000","56781.000000","123576.000000","127757.000000","65102.000000","94687.000000","110000.000000"
"2","'004","Afghanistan","983","'22249.01","Butter and ghee of sheep milk","5510","Production","t","4104.000000","4124.250000","4414.500000","4725.000000","4880.250000","4421.250000","4725.000000","4725.000000","4725.000000","4387.500000","3510.000000","3240.000000","3813.750000","4252.500000","4725.000000","4860.000000","4826.250000","4819.500000","4961.250000","5082.750000","5602.500000","5487.750000","5535.000000","4725.000000","3825.220000","2812.720000","2924.780000","3375.000000","3825.220000","4782.380000","4792.500000","4556.250000","4387.500000","4494.640000","4252.500000","4725.000000","5130.000000","5467.500000","5940.000000","5062.500000","4725.000000","2970.000000","3037.500000","3442.500000","3645.000000","3105.000000","4522.500000","4410.000000","4455.000000","4500.000000","4770.000000","4747.500000","4927.500000","4557.010000","4495.760000","4508.700000","4651.730000","4679.010000","3803.540000","4604.940000","3691.940000","3651.070000",
"2","'004","Afghanistan","886","'22241.01","Butter of cow milk","5510","Production","t","7000.000000","7000.000000","8000.000000","8000.000000","9000.000000","10000.000000","11000.000000","11660.000000","11660.000000","10000.000000","9600.000000","10300.000000","11200.000000","11600.000000","11680.000000","12000.000000","10450.000000","10650.000000","10880.000000","11120.000000","11120.000000","11120.000000","12000.000000","12000.000000","10000.000000","6000.000000","7200.000000","7200.000000","7200.000000","11200.000000","12000.000000","12800.000000","15300.000000","18900.000000","22000.000000","25200.000000","27600.000000","28600.000000","33000.000000","26402.880000","16005.720000","32022.260000","29669.760000","30367.740000","29324.180000","27973.460000","29088.400000","28291.640000","28693.840000","28500.580000","28477.760000","30321.160000","30795.340000","42723.930000","37869.020000","37987.380000","36450.120000","37098.960000","36731.280000","36357.000000","38508.700000","38918.070000",
"2","'004","Afghanistan","899","'22230.04","Buttermilk, dry","5510","Production","t",,,,,,,,,,,,,,,,,,,,,,,,,,,,,,,,,,,,,,,,,,,,,,,,,,,,,,"7002.200000","6057.240000","6440.460000","5827.450000","5931.400000","5895.510000","5829.460000","6157.920000","6219.680000",
"2","'004","Afghanistan","1126","'02121.01","Camels","5111","Stocks","An","250000.000000","279910.000000","349405.000000","325000.000000","300000.000000","300000.000000","300000.000000","299000.000000","300000.000000","300000.000000","300000.000000","300000.000000","300000.000000","300000.000000","300000.000000","300000.000000","300000.000000","300000.000000","270000.000000","265000.000000","265000.000000","265000.000000","265000.000000","265000.000000","265000.000000","265000.000000","300000.000000","265000.000000","235000.000000","215000.000000","200000.000000","200000.000000","200000.000000","200000.000000","201000.000000","221000.000000","242000.000000","265000.000000","290384.000000","224000.000000","224000.000000","175000.000000","181000.000000","190000.000000","188000.000000","174000.000000","186000.000000","183000.000000","190000.000000","191000.000000","172000.000000","174000.000000","170000.000000","171000.000000","170000.000000","170500.000000","172000.000000","171384.000000","170219.000000","169410.000000","169133.000000","168335.000000","167537.000000"
"2","'004","Afghanistan","568","'01229","Cantaloupes and other melons","5312","Area harvested","ha","3300.000000","3300.000000","3300.000000","3300.000000","3300.000000","3400.000000","3200.000000","2900.000000","2900.000000","2900.000000","2900.000000","2900.000000","2900.000000","3000.000000","2900.000000","4300.000000","3000.000000","3000.000000","2900.000000","2800.000000","2700.000000","2800.000000","2700.000000","2600.000000","2600.000000","2200.000000","2200.000000","2200.000000","2100.000000","2184.000000","2160.000000","2163.000000","2117.000000","2778.000000","3019.000000","3268.000000","3518.000000","3579.000000","4188.000000","2200.000000","2700.000000","5000.000000","8960.000000","5040.000000","9861.000000","25000.000000","25000.000000","25000.000000","35400.000000","35460.000000","24717.000000","23047.000000","16370.000000","22722.000000","34270.000000","79951.000000","54406.000000","35798.000000","37136.000000","58942.000000","59437.000000","70902.000000","73628.000000"
"2","'004","Afghanistan","568","'01229","Cantaloupes and other melons","5412","Yield","kg/ha","4757.600000","4757.600000","5030.300000","5303.000000","5454.500000","5441.200000","6250.000000","7069.000000","7241.400000","6758.600000","7827.600000","7103.400000","7344.800000","7300.000000","7793.100000","6697.700000","6900.000000","8000.000000","8413.800000","8714.300000","9148.100000","8964.300000","9148.100000","9192.300000","8846.200000","9681.800000","9545.500000","9500.000000","9285.700000","10256.400000","10324.100000","10357.700000","10391.200000","10424.800000","10458.400000","10492.000000","10525.500000","10681.900000","9971.900000","10227.300000","11111.100000","10000.000000","10044.600000","9920.600000","10141.000000","12000.000000","12000.000000","12000.000000","12000.000000","9870.300000","10114.500000","9633.000000","11000.000000","12069.800000","8814.300000","6332.200000","9063.100000","10879.700000","12500.800000","13462.300000","12843.600000","10754.800000","10798.900000"
"2","'004","Afghanistan","568","'01229","Cantaloupes and other melons","5510","Production","t","15700.000000","15700.000000","16600.000000","17500.000000","18000.000000","18500.000000","20000.000000","20500.000000","21000.000000","19600.000000","22700.000000","20600.000000","21300.000000","21900.000000","22600.000000","28800.000000","20700.000000","24000.000000","24400.000000","24400.000000","24700.000000","25100.000000","24700.000000","23900.000000","23000.000000","21300.000000","21000.000000","20900.000000","19500.000000","22400.000000","22300.000000","22400.000000","22000.000000","28955.270000","31575.090000","34285.180000","37028.640000","38231.960000","41760.660000","22500.000000","30000.000000","50000.000000","90000.000000","50000.000000","100000.000000","300000.000000","300000.000000","300000.000000","424800.000000","350000.000000","250000.000000","222012.000000","180070.000000","274250.000000","302067.000000","506266.000000","493087.660000","389472.930000","464230.000000","793496.000000","763382.890000","762542.690000","795100.450000"
"2","'004","Afghanistan","866","'02111","Cattle","5111","Stocks","An","2900000.000000","3200000.000000","3300000.000000","3350000.000000","3400000.000000","3600000.000000","3600000.000000","3633000.000000","3600000.000000","3700000.000000","3680000.000000","3400000.000000","3232000.000000","3433000.000000","3639000.000000","3700000.000000","3650000.000000","3730000.000000","3710000.000000","3710000.000000","3750000.000000","3740000.000000","3500000.000000","2700000.000000","2200000.000000","1532000.000000","1580000.000000","1600000.000000","1600000.000000","1600000.000000","1600000.000000","1700000.000000","1800000.000000","1900000.000000","2094560.000000","2641400.000000","2895000.000000","3008330.000000","3477549.000000","2900000.000000","2249000.000000","3715000.000000","3829000.000000","3494000.000000","3723000.000000","4110000.000000","4357000.000000","4745000.000000","4721000.000000","5673000.000000","5524000.000000","5244000.000000","5235000.000000","5349000.000000","5261000.000000","5234400.000000","4977000.000000","5187636.000000","5223957.000000","5296101.000000","5366718.000000","5498473.000000","5597758.000000"
"2","'004","Afghanistan","869","'21512","Cattle fat, unrendered","5510","Production","t","1054.720000","1123.400000","1158.960000","1177.360000","1194.530000","1667.920000","1594.340000","1741.510000","1839.620000","1520.750000","1520.750000","1496.230000","1545.280000","1520.750000","1496.230000","1528.110000","1618.870000","1643.400000","1741.510000","1643.400000","1667.920000","1692.450000","1667.920000","1667.920000","1667.920000","1667.920000","1716.980000","1741.510000","1741.510000","2119.250000","2119.250000","2119.250000","2384.150000","2781.510000","3188.680000","3507.550000","3826.420000","4194.340000","3654.720000","3090.570000","2649.060000","3679.250000","3360.380000","3662.080000","3460.940000","2877.170000","3360.380000","3262.260000","3311.320000","3213.210000","3384.910000","3409.430000","3286.790000","2956.750000","2733.390000","2637.600000","2839.250000","2357.820000","2183.190000","2173.800000","2006.040000","1878.440000","1749.610000"
"2","'004","Afghanistan","869","'21512","Cattle fat, unrendered","5320","Producing Animals/Slaughtered","An","360000.000000","384000.000000","396000.000000","402000.000000","408000.000000","569600.000000","544000.000000","595300.000000","628300.000000","653000.000000","653000.000000","643200.000000","563200.000000","520300.000000","511500.000000","523500.000000","541000.000000","557000.000000","590000.000000","560000.000000","560000.000000","560000.000000","550000.000000","545000.000000","540000.000000","535000.000000","550000.000000","560000.000000","560000.000000","480000.000000","480000.000000","480000.000000","540000.000000","630000.000000","722000.000000","794000.000000","866000.000000","950000.000000","828000.000000","700000.000000","600000.000000","833000.000000","761000.000000","829000.000000","784000.000000","651700.000000","761100.000000","739000.000000","750000.000000","727800.000000","766700.000000","772000.000000","744500.000000","669717.000000","619065.000000","671906.000000","657632.000000","633151.000000","625556.000000","607512.000000","571619.000000","532738.000000","492797.000000"
"2","'004","Afghanistan","1021","'22254","Cheese from milk of goats, fresh or processed","5510","Production","t","3150.000000","3150.000000","3600.000000","3600.000000","4050.000000","4050.000000","4500.000000","4860.000000","4860.000000","4140.000000","3330.000000","3240.000000","3960.000000","3960.000000","3960.000000","4050.000000","4140.000000","4140.000000","4320.000000","4320.000000","4410.000000","4410.000000","4950.000000","4410.000000","3780.000000","3150.000000","3600.000000","3960.000000","4410.000000","4590.000000","5040.000000","5220.000000","5670.000000","6120.000000","6300.000000","7560.000000","9000.000000","10800.000000","12150.000000","9963.000000","8730.000000","11106.000000","9090.000000","10350.000000","9450.000000","9900.000000","10170.000000","10152.000000","10170.000000","10080.000000","10800.000000","10620.000000","10134.000000","9793.180000","10419.160000","10167.670000","10311.550000","10470.460000","10632.050000","10574.540000","10544.720000","10648.140000",
"2","'004","Afghanistan","984","'22253","Cheese from milk of sheep, fresh or processed","5510","Production","t","10944.000000","10998.000000","11772.000000","12600.000000","13014.000000","11790.000000","12600.000000","12600.000000","12600.000000","11700.000000","9360.000000","8640.000000","10170.000000","11340.000000","12600.000000","12960.000000","12870.000000","12852.000000","13230.000000","13554.000000","14940.000000","14634.000000","14760.000000","12600.000000","10200.600000","7500.600000","7799.400000","9000.000000","10200.600000","12753.000000","12780.000000","12150.000000","11700.000000","11985.710000","11340.000000","12600.000000","13680.000000","14580.000000","15840.000000","13500.000000","12600.000000","7920.000000","8100.000000","9180.000000","9720.000000","8280.000000","12060.000000","11760.000000","11880.000000","12000.000000","12720.000000","12660.000000","13140.000000","12152.030000","11988.700000","12023.200000","12404.620000","12477.370000","10142.790000","12279.840000","9845.190000","9736.190000",
"2","'004","Afghanistan","1057","'02151","Chickens","5112","Stocks","1000 An","4700.000000","4900.000000","5000.000000","5300.000000","5500.000000","5800.000000","6600.000000","6290.000000","6300.000000","6000.000000","6000.000000","6000.000000","6100.000000","6100.000000","6200.000000","6200.000000","6300.000000","6200.000000","6400.000000","6400.000000","6600.000000","6600.000000","6700.000000","6800.000000","6900.000000","7000.000000","6900.000000","6800.000000","6700.000000","6600.000000","6500.000000","6400.000000","6300.000000","6200.000000","6602.000000","8000.000000","8000.000000","7828.000000","7400.000000","6856.000000","6844.000000","12156.000000","12402.000000","13022.000000","14414.000000","10880.000000","9035.000000","10689.000000","10193.000000","12888.000000","13378.000000","13212.000000","12053.000000","11098.000000","11863.000000","11899.000000","13573.000000","12565.000000","12625.000000","12848.000000","13149.000000","13140.000000","13358.000000"
"2","'004","Afghanistan","767","'01921.02","Cotton lint, ginned","5510","Production","t","17000.000000","26000.000000","36700.000000","26000.000000","25000.000000","20300.000000","23100.000000","23700.000000","28700.000000","25300.000000","21000.000000","19300.000000","36000.000000","48300.000000","53300.000000","53000.000000","45500.000000","44000.000000","35000.000000","21700.000000","20000.000000","15000.000000","16700.000000","22700.000000","18000.000000","18000.000000","13000.000000","15000.000000","11700.000000","9300.000000","22000.000000","22000.000000","22000.000000","22000.000000","22000.000000","22000.000000","22000.000000","22000.000000","22000.000000","18500.000000","18500.000000","18500.000000","10890.000000","9240.000000","10890.000000","10560.000000","11566.830000","11550.000000","14147.760000","10890.000000","10890.000000","11979.000000","13917.090000","14152.000000","16765.000000","19377.000000","12193.000000","18942.000000","24167.000000","24385.000000","25691.000000","23950.000000",
"2","'004","Afghanistan","329","'0143","Cotton seed","5510","Production","t","34000.000000","52000.000000","73300.000000","52000.000000","50000.000000","40700.000000","46190.000000","47300.000000","57300.000000","50700.000000","42000.000000","38700.000000","72000.000000","96700.000000","106700.000000","106000.000000","91000.000000","88000.000000","70000.000000","43300.000000","40000.000000","30000.000000","33300.000000","45300.000000","36000.000000","42000.000000","26000.000000","29000.000000","23300.000000","18700.000000","44000.000000","44000.000000","44000.000000","44000.000000","44000.000000","44000.000000","44000.000000","44000.000000","44000.000000","37000.000000","37000.000000","37000.000000","21450.000000","18200.000000","21450.000000","20800.000000","22783.150000","22750.000000","27866.800000","21450.000000","21450.000000","23595.000000","27412.000000","27838.700000","32813.060000","38347.030000","23900.320000","37342.190000","47527.600000","48139.910000","50500.000000","47785.090000",
"2","'004","Afghanistan","331","'2168","Cottonseed oil","5510","Production","t","4997.350000","7715.830000","11741.710000","7960.340000","7926.480000","6453.360000","7574.220000","5625.000000","7451.910000","7846.740000","6702.120000","3346.560000","11190.600000","16520.400000","18095.220000","18273.600000","15674.400000","14716.800000","11920.500000","6614.100000","6441.570000","4971.600000","5565.600000","7681.500000","6043.410000","7308.000000","4396.500000","4873.500000","4017.600000","2988.000000","7542.000000","7542.000000","7542.000000","7542.000000","7542.000000","7542.000000","7542.000000","7542.000000","7605.000000","6345.000000","6345.000000","6471.000000","3700.350000","3087.000000","3659.720000","3518.100000","3880.470000","3887.100000","4808.120000","3725.530000","3725.000000","4097.970000","4761.860000","4832.280000","5690.840000","6625.930000","4176.030000","6520.000000","8247.330000","8349.080000","8743.150000","8290.890000",
"2","'004","Afghanistan","868","'21151","Edible offal of cattle, fresh, chilled or frozen","5510","Production","t","7545.280000","8036.600000","8291.040000","8422.640000","8545.470000","11932.080000","11405.660000","12458.490000","13160.380000","10879.250000","10879.250000","10703.770000","11054.720000","10879.250000","10703.770000","10931.890000","11581.130000","11756.600000","12458.490000","11756.600000","11932.080000","12107.550000","11932.080000","11932.080000","11932.080000","11932.080000","12283.020000","12458.490000","12458.490000","15160.750000","15160.750000","15160.750000","17055.850000","19898.490000","22811.320000","25092.450000","27373.580000","30005.660000","26145.280000","22109.430000","18950.940000","26320.750000","24039.620000","26197.920000","24759.060000","20582.830000","24039.620000","23337.740000","23688.680000","22986.790000","24215.090000","24390.570000","23513.210000","21152.160000","19554.260000","18868.980000","20311.590000","16867.520000","15618.190000","15551.050000","14350.880000","13438.070000","12516.460000"
"2","'004","Afghanistan","868","'21151","Edible offal of cattle, fresh, chilled or frozen","5320","Producing Animals/Slaughtered","An","360000.000000","384000.000000","396000.000000","402000.000000","408000.000000","569600.000000","544000.000000","595300.000000","628300.000000","653000.000000","653000.000000","643200.000000","563200.000000","520300.000000","511500.000000","523500.000000","541000.000000","557000.000000","590000.000000","560000.000000","560000.000000","560000.000000","550000.000000","545000.000000","540000.000000","535000.000000","550000.000000","560000.000000","560000.000000","480000.000000","480000.000000","480000.000000","540000.000000","630000.000000","722000.000000","794000.000000","866000.000000","950000.000000","828000.000000","700000.000000","600000.000000","833000.000000","761000.000000","829000.000000","784000.000000","651700.000000","761100.000000","739000.000000","750000.000000","727800.000000","766700.000000","772000.000000","744500.000000","669717.000000","619065.000000","671906.000000","657632.000000","633151.000000","625556.000000","607512.000000","571619.000000","532738.000000","492797.000000"
"2","'004","Afghanistan","1018","'21156","Edible offal of goat, fresh, chilled or frozen","5510","Production","t","2369.180000","2205.360000","2041.530000","1890.310000","2205.360000","2848.060000","3938.140000","3938.140000","3938.140000","3528.570000","3938.140000","2520.410000","3402.550000","3402.550000","3780.610000","3780.610000","2570.820000","2570.820000","2722.040000","3478.160000","3780.610000","3931.840000","3773.050000","3621.830000","2520.410000","2268.370000","2671.630000","3074.900000","3478.160000","3881.430000","4284.690000","4687.960000","5040.820000","5544.900000","6048.980000","6048.980000","7057.140000","8317.350000","9325.510000","9325.510000","6301.020000","9073.470000","9325.510000","9577.550000","8821.430000","8569.390000","6805.100000","8065.310000","7309.180000","8569.390000","8821.430000","8569.390000","8569.390000","8667.390000","9266.210000","8619.030000","8850.380000","8927.750000","8992.370000","9116.410000","9067.810000","9126.150000","9184.520000"
"2","'004","Afghanistan","1018","'21156","Edible offal of goat, fresh, chilled or frozen","5320","Producing Animals/Slaughtered","An","940000.000000","875000.000000","810000.000000","750000.000000","875000.000000","1130000.000000","1562500.000000","1562500.000000","1562500.000000","1400000.000000","1562500.000000","1000000.000000","1350000.000000","1350000.000000","1500000.000000","1500000.000000","1020000.000000","1020000.000000","1080000.000000","1380000.000000","1500000.000000","1560000.000000","1497000.000000","1437000.000000","1000000.000000","900000.000000","1060000.000000","1220000.000000","1380000.000000","1540000.000000","1700000.000000","1860000.000000","2000000.000000","2200000.000000","2400000.000000","2400000.000000","2800000.000000","3300000.000000","3700000.000000","3700000.000000","2500000.000000","3600000.000000","3700000.000000","3800000.000000","3500000.000000","3400000.000000","2700000.000000","3200000.000000","2900000.000000","3400000.000000","3500000.000000","3400000.000000","3400000.000000","3438257.000000","3675215.000000","3418681.000000","3510821.000000","3541646.000000","3567060.000000","3616042.000000","3596620.000000","3619703.000000","3642792.000000"
"2","'004","Afghanistan","978","'21155","Edible offal of sheep, fresh, chilled or frozen","5510","Production","t","12454.170000","12454.170000","13270.830000","14291.670000","14904.170000","15312.500000","16333.330000","18200.000000","17558.330000","17966.670000","17400.000000","15000.000000","16400.000000","17800.000000","18800.000000","23400.000000","24800.000000","25600.000000","24800.000000","25600.000000","26600.000000","26800.000000","25520.830000","23479.170000","21437.500000","19000.000000","20416.670000","21437.500000","22458.330000","23477.530000","23520.000000","22213.330000","21560.000000","21560.000000","20906.670000","23193.330000","25153.330000","26786.670000","29400.000000","24826.670000","23193.330000","14700.000000","15026.670000","16660.000000","17966.670000","15353.330000","13426.000000","17738.000000","20351.330000","23070.830000","23479.170000","22662.500000","21641.670000","22337.290000","21927.570000","21982.320000","22977.070000","22458.330000","22639.660000","22458.330000","21437.500000","20825.000000","20578.540000"
"2","'004","Afghanistan","978","'21155","Edible offal of sheep, fresh, chilled or frozen","5320","Producing Animals/Slaughtered","An","4336000.000000","4355000.000000","4673000.000000","5010000.000000","5179000.000000","5366000.000000","5700000.000000","6500000.000000","6120000.000000","6300000.000000","6200000.000000","5360000.000000","5660000.000000","6140000.000000","6270000.000000","7800000.000000","7750000.000000","8000000.000000","7750000.000000","8000000.000000","8300000.000000","8380000.000000","7813000.000000","7187000.000000","6560000.000000","5938000.000000","6250000.000000","6563000.000000","6875000.000000","7187000.000000","7200000.000000","6800000.000000","6600000.000000","6600000.000000","6400000.000000","7100000.000000","7700000.000000","8200000.000000","9000000.000000","7600000.000000","7100000.000000","4500000.000000","4600000.000000","5100000.000000","5500000.000000","4700000.000000","4110000.000000","5430000.000000","6230000.000000","7100000.000000","7220000.000000","6940000.000000","6625000.000000","6844995.000000","6721936.000000","6740686.000000","7046922.000000","6836515.000000","7000000.000000","6760862.000000","6800000.000000","6700000.000000","6461548.000000"
"2","'004","Afghanistan","1128","'21159.02","Edible offals of camels and other camelids, fresh, chilled or frozen","5510","Production","t","540.000000","604.610000","754.700000","702.000000","648.000000","648.000000","648.000000","648.000000","648.000000","648.000000","653.400000","653.400000","653.400000","653.400000","664.200000","664.200000","664.200000","810.000000","596.700000","580.500000","580.500000","580.500000","594.000000","594.000000","594.000000","378.000000","405.000000","432.000000","459.000000","486.000000","486.000000","486.000000","486.000000","486.000000","486.000000","513.000000","540.000000","567.000000","594.000000","594.000000","540.000000","540.000000","540.000000","594.000000","567.000000","540.000000","567.000000","567.000000","594.000000","594.000000","534.600000","540.000000","526.500000","534.880000","539.620000","538.790000","547.230000","546.650000","546.210000","547.190000","549.870000","550.830000","551.760000"
"2","'004","Afghanistan","1128","'21159.02","Edible offals of camels and other camelids, fresh, chilled or frozen","5320","Producing Animals/Slaughtered","An","20000.000000","22393.000000","27952.000000","26000.000000","24000.000000","24000.000000","24000.000000","24000.000000","24000.000000","24000.000000","24200.000000","24200.000000","24200.000000","24200.000000","24600.000000","24600.000000","24600.000000","30000.000000","22100.000000","21500.000000","21500.000000","21500.000000","22000.000000","22000.000000","22000.000000","14000.000000","15000.000000","16000.000000","17000.000000","18000.000000","18000.000000","18000.000000","18000.000000","18000.000000","18000.000000","19000.000000","20000.000000","21000.000000","22000.000000","22000.000000","20000.000000","20000.000000","20000.000000","22000.000000","21000.000000","20000.000000","21000.000000","21000.000000","22000.000000","22000.000000","19800.000000","20000.000000","19500.000000","19810.000000","19986.000000","19955.000000","20268.000000","20246.000000","20230.000000","20266.000000","20366.000000","20401.000000","20435.000000"
"2","'004","Afghanistan","1129","'21519.02","Fat of camels","5510","Production","t","252.000000","282.150000","352.200000","327.600000","302.400000","302.400000","302.400000","302.400000","302.400000","302.400000","304.920000","304.920000","304.920000","304.920000","309.960000","309.960000","309.960000","378.000000","278.460000","270.900000","270.900000","270.900000","277.200000","277.200000","277.200000","176.400000","189.000000","201.600000","214.200000","226.800000","226.800000","226.800000","226.800000","226.800000","226.800000","239.400000","252.000000","264.600000","277.200000","277.200000","252.000000","252.000000","252.000000","277.200000","264.600000","252.000000","264.600000","264.600000","277.200000","277.200000","249.480000","252.000000","245.700000","249.610000","251.820000","251.440000","255.380000","255.110000","254.900000","255.360000","256.610000","257.050000","257.490000"
"2","'004","Afghanistan","1129","'21519.02","Fat of camels","5320","Producing Animals/Slaughtered","An","20000.000000","22393.000000","27952.000000","26000.000000","24000.000000","24000.000000","24000.000000","24000.000000","24000.000000","24000.000000","24200.000000","24200.000000","24200.000000","24200.000000","24600.000000","24600.000000","24600.000000","30000.000000","22100.000000","21500.000000","21500.000000","21500.000000","22000.000000","22000.000000","22000.000000","14000.000000","15000.000000","16000.000000","17000.000000","18000.000000","18000.000000","18000.000000","18000.000000","18000.000000","18000.000000","19000.000000","20000.000000","21000.000000","22000.000000","22000.000000","20000.000000","20000.000000","20000.000000","22000.000000","21000.000000","20000.000000","21000.000000","21000.000000","22000.000000","22000.000000","19800.000000","20000.000000","19500.000000","19810.000000","19986.000000","19955.000000","20268.000000","20246.000000","20230.000000","20266.000000","20366.000000","20401.000000","20435.000000"
"2","'004","Afghanistan","569","'01315","Figs","5312","Area harvested","ha","3200.000000","3200.000000","3200.000000","3380.000000","3570.000000","3940.000000","4400.000000","4300.000000","4370.000000","4400.000000","4400.000000","4520.000000","4610.000000","4690.000000","4700.000000","4700.000000","4710.000000","4680.000000","4520.000000","4530.000000","4430.000000","4260.000000","4090.000000","3930.000000","3820.000000","3720.000000","3200.000000","3350.000000","3360.000000","3396.000000","4961.000000","3680.000000","3300.000000","3183.000000","3340.000000","3369.000000","3600.000000","6000.000000","3044.000000","2000.000000","2000.000000","2000.000000","2000.000000","2253.000000","2541.000000","2702.000000","2702.000000","2700.000000","1924.000000","1924.000000","2056.000000","2056.000000","2056.000000","1525.000000","1525.000000","811.000000","1623.000000","1644.000000","3529.000000","3219.000000","10077.000000","9787.000000","10228.000000"
"2","'004","Afghanistan","569","'01315","Figs","5412","Yield","kg/ha","2500.000000","2500.000000","2500.000000","2869.800000","3025.200000","3045.700000","3318.200000","3418.600000","3409.600000","3272.700000","2590.900000","3097.300000","3167.000000","3134.300000","3148.900000","2936.200000","1741.000000","2564.100000","2522.100000","2604.900000","2641.100000","2652.600000","2689.500000","2671.800000","2644.000000","2741.900000","2750.000000","2656.700000","2648.800000","2650.200000","1810.300000","2472.700000","2727.300000","2858.500000","2936.400000","3034.800000","2777.800000","2833.300000","5125.100000","7500.000000","8500.000000","7500.000000","8500.000000","8877.100000","7870.900000","7401.900000","5551.400000","3000.000000","6000.000000","4500.000000","4000.000000","4012.600000","4037.000000","4000.000000","3276.100000","3875.500000","4888.400000","5779.000000","6891.200000","4968.600000","5929.900000","5929.900000","5929.900000"
"2","'004","Afghanistan","569","'01315","Figs","5510","Production","t","8000.000000","8000.000000","8000.000000","9700.000000","10800.000000","12000.000000","14600.000000","14700.000000","14900.000000","14400.000000","11400.000000","14000.000000","14600.000000","14700.000000","14800.000000","13800.000000","8200.000000","12000.000000","11400.000000","11800.000000","11700.000000","11300.000000","11000.000000","10500.000000","10100.000000","10200.000000","8800.000000","8900.000000","8900.000000","9000.000000","8980.200000","9100.000000","9000.000000","9100.000000","9807.690000","10223.630000","10000.000000","17000.000000","15600.950000","15000.000000","17000.000000","15000.000000","17000.000000","20000.000000","20000.000000","20000.000000","15000.000000","8100.000000","11544.000000","8658.000000","8224.000000","8250.000000","8300.000000","6100.000000","4996.000000","3143.000000","7933.860000","9500.650000","24319.000000","15994.000000","59755.660000","58035.990000","60651.090000"
"2","'004","Afghanistan","1163","'21170.02","Game meat, fresh, chilled or frozen","5510","Production","t","4000.000000","4000.000000","5000.000000","5000.000000","6000.000000","6000.000000","7000.000000","7000.000000","7000.000000","7000.000000","8000.000000","8000.000000","8200.000000","8400.000000","8600.000000","8800.000000","10500.000000","9600.000000","9700.000000","10000.000000","9000.000000","9000.000000","8500.000000","7500.000000","6000.000000","4500.000000","5000.000000","6000.000000","7000.000000","8000.000000","7944.940000","7942.780000","7940.620000","7938.460000","7936.310000","7934.150000","7931.990000","7929.830000","7927.640000","7925.490000","7923.340000","7921.190000","7919.030000","7916.880000","7914.730000","7700.000000","8000.000000","8000.000000","8000.000000","8000.000000","8000.000000","8000.000000","8000.000000","7987.290000","7992.350000","7989.410000","7990.490000","7992.540000","7994.630000","7999.950000","8004.500000","8007.690000","8010.880000"
"2","'004","Afghanistan","1019","'21515","Goat fat, unrendered","5510","Production","t","448.900000","417.860000","386.820000","358.160000","417.860000","539.630000","746.170000","746.170000","746.170000","668.570000","746.170000","477.550000","644.690000","644.690000","716.330000","716.330000","487.100000","487.100000","515.760000","659.020000","716.330000","744.980000","714.890000","686.240000","477.550000","429.800000","506.200000","582.610000","659.020000","735.430000","811.840000","888.240000","955.100000","1050.610000","1146.120000","1146.120000","1337.140000","1575.920000","1766.940000","1766.940000","1193.880000","1719.180000","1766.940000","1814.690000","1671.430000","1623.670000","1289.390000","1528.160000","1384.900000","1623.670000","1671.430000","1623.670000","1623.670000","1642.240000","1755.700000","1633.080000","1676.910000","1691.570000","1703.820000","1727.320000","1718.110000","1729.170000","1740.220000"
"2","'004","Afghanistan","1019","'21515","Goat fat, unrendered","5320","Producing Animals/Slaughtered","An","940000.000000","875000.000000","810000.000000","750000.000000","875000.000000","1130000.000000","1562500.000000","1562500.000000","1562500.000000","1400000.000000","1562500.000000","1000000.000000","1350000.000000","1350000.000000","1500000.000000","1500000.000000","1020000.000000","1020000.000000","1080000.000000","1380000.000000","1500000.000000","1560000.000000","1497000.000000","1437000.000000","1000000.000000","900000.000000","1060000.000000","1220000.000000","1380000.000000","1540000.000000","1700000.000000","1860000.000000","2000000.000000","2200000.000000","2400000.000000","2400000.000000","2800000.000000","3300000.000000","3700000.000000","3700000.000000","2500000.000000","3600000.000000","3700000.000000","3800000.000000","3500000.000000","3400000.000000","2700000.000000","3200000.000000","2900000.000000","3400000.000000","3500000.000000","3400000.000000","3400000.000000","3438257.000000","3675215.000000","3418681.000000","3510821.000000","3541646.000000","3567060.000000","3616042.000000","3596620.000000","3619703.000000","3642792.000000"
"2","'004","Afghanistan","1016","'02123","Goats","5111","Stocks","An","4200000.000000","4087270.000000","3800000.000000","3500000.000000","3200000.000000","3200000.000000","3200000.000000","3187000.000000","3000000.000000","3200000.000000","3100000.000000","2000000.000000","2450000.000000","2750000.000000","3000000.000000","3000000.000000","3000000.000000","3000000.000000","2885000.000000","2850000.000000","2900000.000000","2900000.000000","2700000.000000","2500000.000000","2250000.000000","1944000.000000","2300000.000000","2650000.000000","3000000.000000","3350000.000000","3700000.000000","4050000.000000","4400000.000000","4750000.000000","5389094.000000","4608500.000000","5530500.000000","6599458.000000","7372893.000000","7300000.000000","5003000.000000","7281000.000000","7425000.000000","7648000.000000","6977000.000000","6746000.000000","5387000.000000","6386000.000000","5810000.000000","6789000.000000","7635000.000000","7311000.000000","7037000.000000","7059000.000000","7723000.000000","7448000.000000","7598000.000000","7761430.000000","7882003.000000","7742708.000000","7855729.000000","7955326.000000","8038813.000000"
"2","'004","Afghanistan","560","'01330","Grapes","5312","Area harvested","ha","50000.000000","50000.000000","50000.000000","52500.000000","55000.000000","60000.000000","66200.000000","70000.000000","70000.000000","70000.000000","70000.000000","70000.000000","70000.000000","70000.000000","70000.000000","70000.000000","70100.000000","70500.000000","66900.000000","66000.000000","63900.000000","62000.000000","59900.000000","57800.000000","56400.000000","50000.000000","50000.000000","52000.000000","52000.000000","52000.000000","52000.000000","47765.000000","48520.000000","49365.000000","50857.000000","51458.000000","52000.000000","52000.000000","52000.000000","52000.000000","52000.000000","52000.000000","50000.000000","50000.000000","50000.000000","52000.000000","55000.000000","57600.000000","60832.000000","61132.000000","61558.000000","61690.000000","62118.000000","78405.000000","78681.000000","82450.000000","87194.000000","87517.000000","89593.000000","92584.000000","92645.000000","92600.000000","93000.000000"
"2","'004","Afghanistan","560","'01330","Grapes","5412","Yield","kg/ha","4500.000000","4500.000000","4500.000000","5047.600000","5218.200000","5250.000000","5619.300000","5357.100000","5414.300000","5200.000000","4185.700000","5142.900000","5500.000000","5814.300000","6000.000000","6728.600000","6134.100000","6241.100000","6606.900000","6954.500000","7120.500000","7161.300000","7245.400000","7231.800000","7234.000000","7300.000000","7200.000000","7019.200000","7019.200000","7019.200000","7019.200000","6908.800000","6801.300000","6685.000000","6488.800000","6413.000000","6346.200000","6346.200000","6346.200000","6346.200000","7019.200000","7019.200000","7300.000000","6982.000000","6914.000000","6730.800000","6545.500000","6319.400000","6213.800000","6494.100000","8000.000000","9565.000000","9829.200000","9500.000000","10232.100000","10606.900000","10595.100000","11244.500000","12422.000000","10729.500000","10727.900000","9825.000000","11677.400000"
"2","'004","Afghanistan","560","'01330","Grapes","5510","Production","t","225000.000000","225000.000000","225000.000000","265000.000000","287000.000000","315000.000000","372000.000000","375000.000000","379000.000000","364000.000000","293000.000000","360000.000000","385000.000000","407000.000000","420000.000000","471000.000000","430000.000000","440000.000000","442000.000000","459000.000000","455000.000000","444000.000000","434000.000000","418000.000000","408000.000000","365000.000000","360000.000000","365000.000000","365000.000000","365000.000000","365000.000000","330000.000000","330000.000000","330000.000000","330000.000000","330000.000000","330000.000000","330000.000000","330000.000000","330000.000000","365000.000000","365000.000000","365000.000000","349100.000000","345700.000000","350000.000000","360000.000000","364000.000000","378000.000000","397000.000000","492464.000000","590065.000000","610570.000000","744847.000000","805072.000000","874541.000000","923831.000000","984081.000000","1112927.000000","993382.000000","993884.000000","909792.000000","1086000.000000"
"2","'004","Afghanistan","1062","'0231","Hen eggs in shell, fresh","5410","Yield","100 mg/An","25000.000000","25000.000000","25000.000000","25000.000000","24615.000000","24000.000000","23847.000000","24964.000000","25000.000000","24909.000000","25700.000000","25700.000000","25784.000000","25784.000000","25712.000000","25712.000000","25660.000000","25660.000000","25741.000000","25741.000000","25818.000000","25818.000000","25818.000000","25818.000000","25818.000000","25818.000000","25818.000000","25818.000000","25909.000000","25490.000000","25973.000000","26471.000000","26984.000000","26306.000000","26250.000000","26912.000000","26522.000000","27727.000000","29048.000000","25879.000000","22203.000000","16243.000000","15591.000000","15818.000000","17889.000000","15965.000000","20559.000000","18349.000000","19285.000000","19932.000000","17927.000000","18947.000000","18947.000000","19474.000000","21243.000000","21241.000000","18713.000000","21194.000000","21163.000000","21148.000000","21123.000000","21140.000000","21127.000000"
"2","'004","Afghanistan","1062","'0231","Hen eggs in shell, fresh","5413","Yield","No/An","50.000000","50.000000","50.000000","50.000000","49.000000","48.000000","48.000000","50.000000","50.000000","50.000000","51.000000","51.000000","52.000000","52.000000","51.000000","51.000000","51.000000","51.000000","51.000000","51.000000","52.000000","52.000000","52.000000","52.000000","52.000000","52.000000","52.000000","52.000000","52.000000","51.000000","52.000000","53.000000","54.000000","53.000000","53.000000","54.000000","53.000000","55.000000","58.000000","52.000000","44.000000","33.000000","31.000000","32.000000","36.000000","32.000000","41.000000","37.000000","39.000000","40.000000","36.000000","38.000000","38.000000","39.000000","42.000000","42.000000","37.000000","42.000000","42.000000","42.000000","42.000000","42.000000","42.000000"
"2","'004","Afghanistan","1062","'0231","Hen eggs in shell, fresh","5510","Production","t","10000.000000","11000.000000","11500.000000","12000.000000","12800.000000","13200.000000","15000.000000","13900.000000","15000.000000","13700.000000","12850.000000","12850.000000","13150.000000","13150.000000","13370.000000","13370.000000","13600.000000","13600.000000","13900.000000","13900.000000","14200.000000","14200.000000","14200.000000","14200.000000","14200.000000","14200.000000","14200.000000","14200.000000","14250.000000","14300.000000","14350.000000","14400.000000","14450.000000","14600.000000","14700.000000","18300.000000","18300.000000","18300.000000","18300.000000","15010.000000","13100.000000","16730.000000","16371.000000","17400.000000","21824.000000","14688.000000","16858.000000","16698.000000","16778.000000","16344.000000","17210.000000","18000.000000","18000.000000","18500.000000","19833.010000","19883.740000","20000.000000","20769.870000","20787.420000","21063.870000","21421.620000","21452.970000","21723.600000"
"2","'004","Afghanistan","1062","'0231","Hen eggs in shell, fresh","5513","Production","1000 No","200000.000000","220000.000000","230000.000000","240000.000000","256000.000000","264000.000000","300000.000000","278000.000000","300000.000000","274000.000000","257000.000000","257000.000000","263000.000000","263000.000000","267400.000000","267400.000000","272000.000000","272000.000000","278000.000000","278000.000000","284000.000000","284000.000000","284000.000000","284000.000000","284000.000000","284000.000000","284000.000000","284000.000000","285000.000000","286000.000000","287000.000000","288000.000000","289000.000000","292000.000000","294000.000000","366000.000000","366000.000000","366000.000000","366000.000000","300000.000000","262000.000000","335000.000000","327000.000000","348000.000000","436000.000000","294000.000000","337200.000000","333960.000000","335560.000000","326880.000000","344200.000000","360000.000000","360000.000000","370000.000000","396660.000000","397675.000000","400000.000000","415397.000000","415748.000000","421277.000000","428432.000000","429059.000000","434472.000000"
"2","'004","Afghanistan","1062","'0231","Hen eggs in shell, fresh","5313","Laying","1000 An","4000.000000","4400.000000","4600.000000","4800.000000","5200.000000","5500.000000","6290.000000","5568.000000","6000.000000","5500.000000","5000.000000","5000.000000","5100.000000","5100.000000","5200.000000","5200.000000","5300.000000","5300.000000","5400.000000","5400.000000","5500.000000","5500.000000","5500.000000","5500.000000","5500.000000","5500.000000","5500.000000","5500.000000","5500.000000","5610.000000","5525.000000","5440.000000","5355.000000","5550.000000","5600.000000","6800.000000","6900.000000","6600.000000","6300.000000","5800.000000","5900.000000","10300.000000","10500.000000","11000.000000","12200.000000","9200.000000","8200.000000","9100.000000","8700.000000","8200.000000","9600.000000","9500.000000","9500.000000","9500.000000","9336.000000","9361.000000","10688.000000","9800.000000","9823.000000","9960.000000","10142.000000","10148.000000","10282.000000"
"2","'004","Afghanistan","1096","'02131","Horses","5111","Stocks","An","276841.000000","245850.000000","263265.000000","291000.000000","320000.000000","278000.000000","278000.000000","372000.000000","369000.000000","415000.000000","415000.000000","369000.000000","370000.000000","370000.000000","370000.000000","370000.000000","400000.000000","410000.000000","400000.000000","405000.000000","405000.000000","405000.000000","405000.000000","410000.000000","410000.000000","410000.000000","400000.000000","387000.000000","374000.000000","362000.000000","350000.000000","300000.000000","200000.000000","100000.000000","100000.000000","100000.000000","100000.000000","100000.000000","104000.000000","162000.000000","162000.000000","141000.000000","144000.000000","155000.000000","149000.000000","146000.000000","145000.000000","162000.000000","177000.000000","197000.000000","181000.000000","178000.000000","171000.000000","171000.000000","173000.000000","171200.000000","175000.000000","175825.000000","173373.000000","97516.000000","47336.000000","15082.000000","15129.000000"
"2","'004","Afghanistan","333","'01441","Linseed","5312","Area harvested","ha","46800.000000","46800.000000","46800.000000","46800.000000","46800.000000","46800.000000","46800.000000","46200.000000","46800.000000","46800.000000","47400.000000","47900.000000","50800.000000","50400.000000","56400.000000","56400.000000","56400.000000","56400.000000","55700.000000","54300.000000","53900.000000","51400.000000","50000.000000","48600.000000","47100.000000","45700.000000","44300.000000","42900.000000","41400.000000","40000.000000","38600.000000","34842.000000","39000.000000","32011.000000","29590.000000","27377.000000","25579.000000","21615.000000","18021.000000","16825.000000","15511.000000","14289.000000","13152.000000","12750.000000","16588.000000","1840.000000","2000.000000","3160.000000","1780.000000","1788.000000","3943.000000","4000.000000","4000.000000","4213.000000","3891.000000","577.000000","28207.000000","34458.000000","38323.000000","31089.000000","31329.000000","31605.000000","35000.000000"
"2","'004","Afghanistan","333","'01441","Linseed","5412","Yield","kg/ha","363.200000","384.600000","384.600000","384.600000","406.000000","427.400000","427.400000","443.700000","448.700000","427.400000","337.600000","405.000000","427.200000","452.400000","404.300000","390.100000","363.500000","354.600000","350.100000","349.900000","343.200000","350.200000","350.000000","349.800000","350.300000","350.100000","349.900000","349.700000","350.200000","350.000000","349.700000","408.400000","426.300000","444.600000","463.200000","481.700000","499.700000","516.000000","577.900000","583.700000","588.300000","591.400000","592.900000","651.000000","602.800000","597.800000","600.000000","411.400000","674.200000","671.100000","634.000000","625.000000","625.000000","593.400000","673.900000","378.700000","737.100000","1030.200000","1435.200000","1100.600000","994.800000","904.300000","828.600000"
"2","'004","Afghanistan","333","'01441","Linseed","5510","Production","t","17000.000000","18000.000000","18000.000000","18000.000000","19000.000000","20000.000000","20000.000000","20500.000000","21000.000000","20000.000000","16000.000000","19400.000000","21700.000000","22800.000000","22800.000000","22000.000000","20500.000000","20000.000000","19500.000000","19000.000000","18500.000000","18000.000000","17500.000000","17000.000000","16500.000000","16000.000000","15500.000000","15000.000000","14500.000000","14000.000000","13500.000000","14228.960000","16623.880000","14231.920000","13705.020000","13188.560000","12781.220000","11152.560000","10413.880000","9820.650000","9124.790000","8450.480000","7797.190000","8300.000000","10000.000000","1100.000000","1200.000000","1300.000000","1200.000000","1200.000000","2500.000000","2500.000000","2500.000000","2500.000000","2622.180000","218.500000","20790.380000","35500.060000","55000.000000","34216.000000","31165.000000","28579.000000","29000.000000"
"2","'004","Afghanistan","56","'0112","Maize (corn)","5312","Area harvested","ha","500000.000000","500000.000000","500000.000000","505000.000000","500000.000000","500000.000000","543000.000000","453000.000000","457000.000000","452000.000000","500000.000000","460000.000000","470000.000000","476200.000000","484000.000000","482000.000000","480000.000000","482000.000000","472000.000000","450000.000000","420000.000000","398000.000000","384000.000000","366000.000000","346500.000000","336000.000000","302000.000000","290000.000000","270000.000000","273000.000000","250000.000000","200000.000000","280000.000000","300000.000000","320000.000000","220000.000000","200000.000000","200000.000000","160000.000000","96000.000000","80000.000000","100000.000000","250000.000000","250000.000000","261000.000000","137000.000000","137000.000000","137000.000000","140000.000000","183000.000000","183000.000000","141000.000000","142000.000000","127000.000000","147273.000000","151900.000000","134225.000000","72433.000000","94910.000000","140498.000000","139080.000000","139000.000000","127000.000000"
"2","'004","Afghanistan","56","'0112","Maize (corn)","5412","Yield","kg/ha","1400.000000","1400.000000","1426.000000","1425.700000","1440.000000","1440.000000","1414.400000","1706.400000","1717.700000","1475.700000","1340.000000","1565.200000","1617.000000","1617.000000","1611.600000","1659.800000","1583.300000","1618.300000","1610.200000","1671.100000","1669.000000","1665.800000","1664.100000","1661.200000","1665.200000","1687.500000","1702.000000","1703.400000","1696.300000","1758.200000","1680.000000","1500.000000","1678.600000","1666.700000","1656.300000","1636.400000","1500.000000","1650.000000","1500.000000","1197.900000","2000.000000","2980.000000","840.000000","1600.000000","1206.900000","2620.400000","2627.700000","2627.700000","2142.900000","1644.800000","1640.000000","2198.600000","2197.200000","2488.200000","2145.700000","2051.700000","1295.700000","1472.700000","1945.700000","1934.400000","1900.400000","2237.400000","2858.300000"
"2","'004","Afghanistan","56","'0112","Maize (corn)","5510","Production","t","700000.000000","700000.000000","713000.000000","720000.000000","720000.000000","720000.000000","768000.000000","773000.000000","785000.000000","667000.000000","670000.000000","720000.000000","760000.000000","770000.000000","780000.000000","800000.000000","760000.000000","780000.000000","760000.000000","752000.000000","701000.000000","663000.000000","639000.000000","608000.000000","577000.000000","567000.000000","514000.000000","494000.000000","458000.000000","480000.000000","420000.000000","300000.000000","470000.000000","500000.000000","530000.000000","360000.000000","300000.000000","330000.000000","240000.000000","115000.000000","160000.000000","298000.000000","210000.000000","400000.000000","315000.000000","359000.000000","360000.000000","360000.000000","300000.000000","301000.000000","300120.000000","310000.000000","312000.000000","316000.000000","316000.000000","311646.000000","173912.000000","106670.000000","184671.000000","271776.000000","264314.000000","311000.000000","363000.000000"
"2","'004","Afghanistan","1127","'21117.01","Meat of camels, fresh or chilled","5417","Yield/Carcass Weight","100 g/An","1800.000000","1800.000000","1800.000000","1800.000000","1800.000000","1800.000000","1800.000000","1800.000000","1800.000000","1800.000000","1800.000000","1800.000000","1800.000000","1800.000000","1800.000000","1800.000000","1800.000000","1800.000000","1800.000000","1800.000000","1800.000000","1800.000000","1800.000000","1800.000000","1800.000000","1800.000000","1800.000000","1800.000000","1800.000000","1800.000000","1800.000000","1800.000000","1800.000000","1800.000000","1800.000000","1800.000000","1800.000000","1800.000000","1800.000000","1800.000000","1800.000000","1800.000000","1800.000000","1800.000000","1800.000000","1800.000000","1800.000000","1800.000000","1800.000000","1800.000000","1800.000000","1800.000000","1800.000000","1800.000000","1800.000000","1800.000000","1800.000000","1800.000000","1800.000000","1800.000000","1800.000000","1800.000000","1800.000000"
"2","'004","Afghanistan","1127","'21117.01","Meat of camels, fresh or chilled","5510","Production","t","3600.000000","4030.740000","5031.360000","4680.000000","4320.000000","4320.000000","4320.000000","4320.000000","4320.000000","4320.000000","4356.000000","4356.000000","4356.000000","4356.000000","4428.000000","4428.000000","4428.000000","5400.000000","3978.000000","3870.000000","3870.000000","3870.000000","3960.000000","3960.000000","3960.000000","2520.000000","2700.000000","2880.000000","3060.000000","3240.000000","3240.000000","3240.000000","3240.000000","3240.000000","3240.000000","3420.000000","3600.000000","3780.000000","3960.000000","3960.000000","3600.000000","3600.000000","3600.000000","3960.000000","3780.000000","3600.000000","3780.000000","3780.000000","3960.000000","3960.000000","3564.000000","3600.000000","3510.000000","3565.850000","3597.440000","3591.950000","3648.220000","3644.370000","3641.420000","3647.960000","3665.810000","3672.200000","3678.380000"
"2","'004","Afghanistan","1127","'21117.01","Meat of camels, fresh or chilled","5320","Producing Animals/Slaughtered","An","20000.000000","22393.000000","27952.000000","26000.000000","24000.000000","24000.000000","24000.000000","24000.000000","24000.000000","24000.000000","24200.000000","24200.000000","24200.000000","24200.000000","24600.000000","24600.000000","24600.000000","30000.000000","22100.000000","21500.000000","21500.000000","21500.000000","22000.000000","22000.000000","22000.000000","14000.000000","15000.000000","16000.000000","17000.000000","18000.000000","18000.000000","18000.000000","18000.000000","18000.000000","18000.000000","19000.000000","20000.000000","21000.000000","22000.000000","22000.000000","20000.000000","20000.000000","20000.000000","22000.000000","21000.000000","20000.000000","21000.000000","21000.000000","22000.000000","22000.000000","19800.000000","20000.000000","19500.000000","19810.000000","19986.000000","19955.000000","20268.000000","20246.000000","20230.000000","20266.000000","20366.000000","20401.000000","20435.000000"
"2","'004","Afghanistan","867","'21111.01","Meat of cattle with the bone, fresh or chilled","5417","Yield/Carcass Weight","100 g/An","1194.000000","1193.000000","1193.000000","1194.000000","1194.000000","1194.000000","1195.000000","1193.000000","1194.000000","949.000000","949.000000","948.000000","1119.000000","1192.000000","1193.000000","1190.000000","1220.000000","1203.000000","1203.000000","1196.000000","1214.000000","1232.000000","1236.000000","1248.000000","1259.000000","1271.000000","1273.000000","1268.000000","1268.000000","1800.000000","1800.000000","1800.000000","1800.000000","1800.000000","1801.000000","1801.000000","1801.000000","1800.000000","1800.000000","1800.000000","1800.000000","1801.000000","1800.000000","1801.000000","1800.000000","1800.000000","1800.000000","1800.000000","1800.000000","1800.000000","1800.000000","1801.000000","1800.000000","1800.000000","1800.000000","1600.000000","1760.000000","1518.000000","1423.000000","1459.000000","1431.000000","1438.000000","1447.000000"
"2","'004","Afghanistan","867","'21111.01","Meat of cattle with the bone, fresh or chilled","5510","Production","t","43000.000000","45800.000000","47250.000000","48000.000000","48700.000000","68000.000000","65000.000000","71000.000000","75000.000000","62000.000000","62000.000000","61000.000000","63000.000000","62000.000000","61000.000000","62300.000000","66000.000000","67000.000000","71000.000000","67000.000000","68000.000000","69000.000000","68000.000000","68000.000000","68000.000000","68000.000000","70000.000000","71000.000000","71000.000000","86400.000000","86400.000000","86400.000000","97200.000000","113400.000000","130000.000000","143000.000000","156000.000000","171000.000000","149000.000000","126000.000000","108000.000000","150000.000000","137000.000000","149300.000000","141100.000000","117300.000000","137000.000000","133000.000000","135000.000000","131000.000000","138000.000000","139000.000000","134000.000000","120544.580000","111438.280000","107532.880000","115754.240000","96126.710000","89006.910000","88624.270000","81784.560000","76582.550000","71330.380000"
"2","'004","Afghanistan","867","'21111.01","Meat of cattle with the bone, fresh or chilled","5320","Producing Animals/Slaughtered","An","360000.000000","384000.000000","396000.000000","402000.000000","408000.000000","569600.000000","544000.000000","595300.000000","628300.000000","653000.000000","653000.000000","643200.000000","563200.000000","520300.000000","511500.000000","523500.000000","541000.000000","557000.000000","590000.000000","560000.000000","560000.000000","560000.000000","550000.000000","545000.000000","540000.000000","535000.000000","550000.000000","560000.000000","560000.000000","480000.000000","480000.000000","480000.000000","540000.000000","630000.000000","722000.000000","794000.000000","866000.000000","950000.000000","828000.000000","700000.000000","600000.000000","833000.000000","761000.000000","829000.000000","784000.000000","651700.000000","761100.000000","739000.000000","750000.000000","727800.000000","766700.000000","772000.000000","744500.000000","669717.000000","619065.000000","671906.000000","657632.000000","633151.000000","625556.000000","607512.000000","571619.000000","532738.000000","492797.000000"
"2","'004","Afghanistan","1058","'21121","Meat of chickens, fresh or chilled","5424","Yield/Carcass Weight","0.1 g/An","8000.000000","8000.000000","8000.000000","8000.000000","8000.000000","8000.000000","8000.000000","8000.000000","8000.000000","8000.000000","8000.000000","8000.000000","8000.000000","8000.000000","8000.000000","8000.000000","8000.000000","8000.000000","8000.000000","8000.000000","8000.000000","8000.000000","8000.000000","8000.000000","8000.000000","8000.000000","8000.000000","8000.000000","8000.000000","8000.000000","8000.000000","8000.000000","8000.000000","8000.000000","8000.000000","8000.000000","8000.000000","8000.000000","8000.000000","8000.000000","8000.000000","8000.000000","8000.000000","8000.000000","8000.000000","8000.000000","8000.000000","8000.000000","8000.000000","8000.000000","8000.000000","8000.000000","8000.000000","8000.000000","8000.000000","8000.000000","8000.000000","8977.000000","8548.000000","8652.000000","8356.000000","8435.000000","8403.000000"
"2","'004","Afghanistan","1058","'21121","Meat of chickens, fresh or chilled","5510","Production","t","5600.000000","6000.000000","6160.000000","6400.000000","6800.000000","7200.000000","7600.000000","8000.000000","9600.000000","9600.000000","9600.000000","9600.000000","10000.000000","10000.000000","10400.000000","10400.000000","10800.000000","11200.000000","12000.000000","12000.000000","12400.000000","12400.000000","12560.000000","12800.000000","12960.000000","13120.000000","12960.000000","12800.000000","12560.000000","12400.000000","12160.000000","12000.000000","11840.000000","11600.000000","12320.000000","13040.000000","14000.000000","15040.000000","14000.000000","13200.000000","13120.000000","24000.000000","28400.000000","30800.000000","32320.000000","24400.000000","17600.000000","20800.000000","20000.000000","28000.000000","25600.000000","24800.000000","26400.000000","24809.320000","24558.740000","24297.680000","27637.840000","29315.760000","27680.530000","28512.870000","28210.690000","28503.140000","28796.080000"
"2","'004","Afghanistan","1058","'21121","Meat of chickens, fresh or chilled","5321","Producing Animals/Slaughtered","1000 An","7000.000000","7500.000000","7700.000000","8000.000000","8500.000000","9000.000000","9500.000000","10000.000000","12000.000000","12000.000000","12000.000000","12000.000000","12500.000000","12500.000000","13000.000000","13000.000000","13500.000000","14000.000000","15000.000000","15000.000000","15500.000000","15500.000000","15700.000000","16000.000000","16200.000000","16400.000000","16200.000000","16000.000000","15700.000000","15500.000000","15200.000000","15000.000000","14800.000000","14500.000000","15400.000000","16300.000000","17500.000000","18800.000000","17500.000000","16500.000000","16400.000000","30000.000000","35500.000000","38500.000000","40400.000000","30500.000000","22000.000000","26000.000000","25000.000000","35000.000000","32000.000000","31000.000000","33000.000000","31012.000000","30698.000000","30372.000000","34547.000000","32655.000000","32381.000000","32957.000000","33759.000000","33792.000000","34270.000000"
"2","'004","Afghanistan","1017","'21116","Meat of goat, fresh or chilled","5417","Yield/Carcass Weight","100 g/An","130.000000","130.000000","130.000000","130.000000","130.000000","130.000000","130.000000","130.000000","130.000000","130.000000","130.000000","130.000000","130.000000","130.000000","130.000000","130.000000","130.000000","130.000000","130.000000","130.000000","130.000000","130.000000","130.000000","130.000000","130.000000","130.000000","130.000000","130.000000","130.000000","130.000000","130.000000","130.000000","130.000000","130.000000","130.000000","130.000000","130.000000","130.000000","130.000000","130.000000","130.000000","130.000000","130.000000","130.000000","130.000000","130.000000","130.000000","130.000000","130.000000","130.000000","130.000000","130.000000","130.000000","130.000000","130.000000","130.000000","130.000000","130.000000","130.000000","130.000000","130.000000","130.000000","130.000000"
"2","'004","Afghanistan","1017","'21116","Meat of goat, fresh or chilled","5510","Production","t","12220.000000","11375.000000","10530.000000","9750.000000","11375.000000","14690.000000","20312.500000","20312.500000","20312.500000","18200.000000","20312.500000","13000.000000","17550.000000","17550.000000","19500.000000","19500.000000","13260.000000","13260.000000","14040.000000","17940.000000","19500.000000","20280.000000","19461.000000","18681.000000","13000.000000","11700.000000","13780.000000","15860.000000","17940.000000","20020.000000","22100.000000","24180.000000","26000.000000","28600.000000","31200.000000","31200.000000","36400.000000","42900.000000","48100.000000","48100.000000","32500.000000","46800.000000","48100.000000","49400.000000","45500.000000","44200.000000","35100.000000","41600.000000","37700.000000","44200.000000","45500.000000","44200.000000","44200.000000","44705.500000","47794.120000","44456.080000","45649.310000","46048.390000","46381.690000","47021.470000","46770.800000","47071.740000","47372.760000"
"2","'004","Afghanistan","1017","'21116","Meat of goat, fresh or chilled","5320","Producing Animals/Slaughtered","An","940000.000000","875000.000000","810000.000000","750000.000000","875000.000000","1130000.000000","1562500.000000","1562500.000000","1562500.000000","1400000.000000","1562500.000000","1000000.000000","1350000.000000","1350000.000000","1500000.000000","1500000.000000","1020000.000000","1020000.000000","1080000.000000","1380000.000000","1500000.000000","1560000.000000","1497000.000000","1437000.000000","1000000.000000","900000.000000","1060000.000000","1220000.000000","1380000.000000","1540000.000000","1700000.000000","1860000.000000","2000000.000000","2200000.000000","2400000.000000","2400000.000000","2800000.000000","3300000.000000","3700000.000000","3700000.000000","2500000.000000","3600000.000000","3700000.000000","3800000.000000","3500000.000000","3400000.000000","2700000.000000","3200000.000000","2900000.000000","3400000.000000","3500000.000000","3400000.000000","3400000.000000","3438257.000000","3675215.000000","3418681.000000","3510821.000000","3541646.000000","3567060.000000","3616042.000000","3596620.000000","3619703.000000","3642792.000000"
"2","'004","Afghanistan","977","'21115","Meat of sheep, fresh or chilled","5417","Yield/Carcass Weight","100 g/An","141.000000","140.000000","139.000000","140.000000","141.000000","140.000000","140.000000","140.000000","141.000000","140.000000","140.000000","140.000000","145.000000","145.000000","150.000000","150.000000","160.000000","160.000000","160.000000","160.000000","160.000000","160.000000","160.000000","160.000000","160.000000","160.000000","160.000000","160.000000","160.000000","160.000000","160.000000","160.000000","160.000000","160.000000","160.000000","160.000000","160.000000","160.000000","160.000000","160.000000","160.000000","160.000000","160.000000","160.000000","160.000000","160.000000","160.000000","160.000000","160.000000","159.000000","159.000000","160.000000","160.000000","160.000000","160.000000","160.000000","160.000000","161.000000","158.000000","163.000000","154.000000","152.000000","156.000000"
"2","'004","Afghanistan","977","'21115","Meat of sheep, fresh or chilled","5510","Production","t","61000.000000","61000.000000","65000.000000","70000.000000","73000.000000","75000.000000","80000.000000","91000.000000","86000.000000","88000.000000","87000.000000","75000.000000","82000.000000","89000.000000","94000.000000","117000.000000","124000.000000","128000.000000","124000.000000","128000.000000","133000.000000","134000.000000","125000.000000","115000.000000","105000.000000","95000.000000","100000.000000","105000.000000","110000.000000","114992.000000","115200.000000","108800.000000","105600.000000","105600.000000","102400.000000","113600.000000","123200.000000","131200.000000","144000.000000","121600.000000","113600.000000","72000.000000","73600.000000","81600.000000","88000.000000","75200.000000","65760.000000","86880.000000","99680.000000","113000.000000","115000.000000","111000.000000","106000.000000","109407.150000","107400.340000","107668.490000","112540.740000","110000.000000","110888.130000","110000.000000","105000.000000","102000.000000","100792.870000"
"2","'004","Afghanistan","977","'21115","Meat of sheep, fresh or chilled","5320","Producing Animals/Slaughtered","An","4336000.000000","4355000.000000","4673000.000000","5010000.000000","5179000.000000","5366000.000000","5700000.000000","6500000.000000","6120000.000000","6300000.000000","6200000.000000","5360000.000000","5660000.000000","6140000.000000","6270000.000000","7800000.000000","7750000.000000","8000000.000000","7750000.000000","8000000.000000","8300000.000000","8380000.000000","7813000.000000","7187000.000000","6560000.000000","5938000.000000","6250000.000000","6563000.000000","6875000.000000","7187000.000000","7200000.000000","6800000.000000","6600000.000000","6600000.000000","6400000.000000","7100000.000000","7700000.000000","8200000.000000","9000000.000000","7600000.000000","7100000.000000","4500000.000000","4600000.000000","5100000.000000","5500000.000000","4700000.000000","4110000.000000","5430000.000000","6230000.000000","7100000.000000","7220000.000000","6940000.000000","6625000.000000","6844995.000000","6721936.000000","6740686.000000","7046922.000000","6836515.000000","7000000.000000","6760862.000000","6800000.000000","6700000.000000","6461548.000000"
"2","'004","Afghanistan","79","'0118","Millet","5312","Area harvested","ha","23500.000000","24500.000000","25500.000000","26500.000000","27500.000000","28500.000000","29500.000000","29500.000000","31500.000000","33000.000000","35000.000000","36000.000000","37000.000000","38000.000000","40000.000000","42000.000000","43000.000000","42000.000000","39500.000000","39500.000000","37000.000000","35000.000000","35000.000000","32000.000000","31000.000000","29000.000000","29000.000000","29000.000000","29000.000000","30000.000000","28071.000000","25000.000000","26882.000000","27000.000000","26982.000000","26670.000000","26401.000000","26105.000000","25871.000000","27000.000000","27000.000000","25000.000000","19700.000000","19000.000000","27000.000000","12000.000000","12000.000000","12000.000000","10000.000000","5000.000000","5000.000000","5000.000000","5000.000000","1515.000000","2693.000000","3376.000000","2980.000000","1270.000000","1401.000000","1437.000000","979.000000","1213.000000","1142.000000"
"2","'004","Afghanistan","79","'0118","Millet","5412","Yield","kg/ha","808.500000","816.300000","823.500000","830.200000","836.400000","842.100000","847.500000","881.400000","857.100000","848.500000","828.600000","833.300000","810.800000","815.800000","800.000000","952.400000","814.000000","857.100000","860.800000","860.800000","864.900000","857.100000","857.100000","875.000000","871.000000","862.100000","862.100000","862.100000","862.100000","866.700000","830.100000","800.000000","810.000000","814.800000","822.000000","821.700000","822.800000","823.800000","827.000000","814.800000","814.800000","800.000000","862.900000","894.700000","814.800000","1000.000000","1666.700000","1833.300000","1900.000000","3000.000000","3000.000000","3000.000000","2600.000000","2484.700000","2320.200000","2226.900000","1628.000000","1814.900000","1937.200000","1318.700000","1583.200000","1577.100000","1597.900000"
"2","'004","Afghanistan","79","'0118","Millet","5510","Production","t","19000.000000","20000.000000","21000.000000","22000.000000","23000.000000","24000.000000","25000.000000","26000.000000","27000.000000","28000.000000","29000.000000","30000.000000","30000.000000","31000.000000","32000.000000","40000.000000","35000.000000","36000.000000","34000.000000","34000.000000","32000.000000","30000.000000","30000.000000","28000.000000","27000.000000","25000.000000","25000.000000","25000.000000","25000.000000","26000.000000","23302.330000","20000.000000","21774.060000","22000.000000","22179.280000","21914.750000","21722.570000","21506.120000","21395.770000","22000.000000","22000.000000","20000.000000","17000.000000","17000.000000","22000.000000","12000.000000","20000.000000","22000.000000","19000.000000","15000.000000","15000.000000","15000.000000","13000.000000","3764.280000","6248.000000","7518.420000","4850.970000","2304.500000","2714.000000","1895.000000","1550.000000","1913.000000","1824.120000"
"2","'004","Afghanistan","165","'23540","Molasses","5510","Production","t","2120.000000","3022.800000","2811.250000","1550.000000","3800.000000","3850.000000","4100.000000","2900.000000","3300.000000","4650.000000","4850.000000","4265.000000","4050.000000","4330.000000","7425.000000","6045.000000","6050.000000","5000.000000","4700.000000","1450.000000","2000.000000","2000.000000","2000.000000","2000.000000","2000.000000","2000.000000","3000.000000","1000.000000","500.000000","500.000000","500.000000","500.000000","500.000000","500.000000","500.000000","500.000000","550.000000","550.000000","550.000000","500.000000","500.000000","500.000000","500.000000","750.000000","600.000000","600.000000","1096.900000","1115.800000","1275.000000","757.490000","758.650000","720.620000","747.040000","732.020000","334.190000","123.550000","186.660000","321.680000","533.530000","341.860000","1495.870000","2283.860000",
"2","'004","Afghanistan","1110","'02133","Mules and hinnies","5111","Stocks","An","20000.000000","20460.000000","22600.000000","24700.000000","26800.000000","23000.000000","23000.000000","31000.000000","31000.000000","35000.000000","35000.000000","31000.000000","26500.000000","26500.000000","26500.000000","26500.000000","30000.000000","30000.000000","30000.000000","30000.000000","30000.000000","30000.000000","30000.000000","30000.000000","30000.000000","30000.000000","29000.000000","28000.000000","27000.000000","26000.000000","25000.000000","24000.000000","23000.000000","23000.000000","23000.000000","24000.000000","26000.000000","28000.000000","30000.000000","30000.000000","25000.000000","25000.000000","25000.000000","27000.000000","29000.000000","23000.000000","24000.000000","24000.000000","26000.000000","24000.000000","25000.000000","24000.000000","21000.000000","24000.000000","24500.000000","24900.000000","24000.000000","23769.000000","23832.000000","24459.000000","24504.000000","24474.000000","24446.000000"
"2","'004","Afghanistan","292","'01442","Mustard seed","5312","Area harvested","ha",,,,,,,,,,,,,,,,,,,,,,,,,,,,,,,,,,,,,,,,,,,,,,,,,,,,,,,,"577.000000","586.000000","1221.000000","1691.000000","1457.000000","1074.000000","1206.000000","1000.000000"
"2","'004","Afghanistan","292","'01442","Mustard seed","5412","Yield","kg/ha",,,,,,,,,,,,,,,,,,,,,,,,,,,,,,,,,,,,,,,,,,,,,,,,,,,,,,,,"1039.900000","1023.900000","1064.700000","1005.300000","890.900000","1060.500000","1223.100000","1000.000000"
"2","'004","Afghanistan","292","'01442","Mustard seed","5510","Production","t",,,,,,,,,,,,,,,,,,,,,,,,,,,,,,,,,,,,,,,,,,,,,,,,,,,,,,,,"600.000000","600.000000","1300.000000","1700.000000","1298.000000","1139.000000","1475.000000","1000.000000"
"2","'004","Afghanistan","1182","'02910","Natural honey","5510","Production","t","2000.000000","2000.000000","2000.000000","2000.000000","3000.000000","3000.000000","3000.000000","3000.000000","3000.000000","3000.000000","3000.000000","3000.000000","3100.000000","3200.000000","3300.000000","3500.000000","3500.000000","3600.000000","3600.000000","3000.000000","3000.000000","3000.000000","3000.000000","3000.000000","3000.000000","3000.000000","3000.000000","3000.000000","3000.000000","3244.000000","4698.170000","4579.880000","4461.590000","4343.300000","4225.000000","4106.710000","3988.420000","3870.130000","3751.840000","3633.550000","3515.250000","3512.190000","3379.870000","3300.000000","2800.000000","3000.000000","2800.000000","2800.000000","2800.000000","2000.000000","2000.000000","2000.000000","2000.000000","1886.720000","1740.920000","1875.880000","1837.850000","1798.870000","1774.230000","1721.630000","1623.210000","1515.990000","1400.180000"
"2","'004","Afghanistan","334","'21691.12","Oil of linseed","5510","Production","t","3531.240000","3700.900000","2856.680000","3377.220000","4326.840000","4984.400000","4961.960000","2509.880000","3014.440000","5648.420000","4720.220000","3278.620000","2830.160000","4394.160000","3166.420000","1587.800000","4061.980000","5551.860000","5402.600000","1578.620000","5577.020000","5426.400000","5275.780000","5126.180000","4669.560000","4416.940000","4505.340000","4248.980000","4369.000000","3883.480000","4129.910000","4062.420000","3906.350000","3978.460000","3952.480000","3901.870000","3899.490000","3936.370000","4049.800000","3493.550000","3504.640000","3545.840000","3826.230000","2568.140000","3272.430000","342.380000","361.830000","374.200000","377.520000","338.520000","674.650000","706.300000","733.570000","790.000000","5374.630000","18315.610000","19697.710000","25180.830000","27185.530000","15982.860000","10721.670000","25527.320000",
"2","'004","Afghanistan","290","'21691.07","Oil of sesame seed","5510","Production","t","2252.800000","1876.000000","1830.800000","2722.400000","2820.800000","3148.800000","3351.200000","3578.800000","3374.400000","3487.600000","996.000000","9.600000","200.240000","276.000000","3057.600000","2538.000000","2321.600000","375.600000","3666.800000","376.000000","4668.000000","4412.800000","4548.800000","4786.800000","4746.000000","4796.400000","2174.800000","2469.200000","2137.200000","3288.800000","4016.000000","4848.000000","3816.000000","4272.000000","4275.600000","3926.000000","3875.600000","3908.000000","4050.800000","4104.000000","4114.000000","3860.000000","3850.000000","906.000000","854.000000","956.000000","2134.000000","2134.000000","1361.600000","1090.680000","1291.570000","1261.220000","1333.760000","1250.000000","860.890000","1042.590000","1107.840000","1210.550000","1407.670000","2348.420000","275.270000","2636.820000",
"2","'004","Afghanistan","261","'2167","Olive oil","5510","Production","t","81.600000","89.760000","81.600000","89.760000","81.600000","89.760000","81.600000","97.920000","81.600000","97.920000","81.600000","97.920000","77.760000","106.080000","81.600000","90.180000","112.200000","107.630000","73.440000","95.470000","81.600000","65.280000","40.800000","15.830000","65.520000","163.280000","73.440000","87.310000","65.280000","89.760000","73.440000","89.760000","73.440000","89.760000","73.440000","89.760000","73.440000","89.760000","73.440000","89.760000","73.440000","89.760000","195.840000","208.080000","221.300000","129.910000","129.910000","473.280000","734.400000","595.680000","538.560000","538.560000","545.930000","658.420000","711.370000","740.900000","763.250000","812.160000","833.250000","724.090000","1043.000000","1050.000000",
"2","'004","Afghanistan","260","'01450","Olives","5312","Area harvested","ha","600.000000","600.000000","600.000000","600.000000","600.000000","600.000000","600.000000","600.000000","600.000000","600.000000","600.000000","600.000000","600.000000","600.000000","600.000000","600.000000","600.000000","623.000000","800.000000","1000.000000","1200.000000","1250.000000","1300.000000","1385.000000","1385.000000","1385.000000","1300.000000","1300.000000","1300.000000","1420.000000","1300.000000","1300.000000","1300.000000","1300.000000","1300.000000","1300.000000","1300.000000","1300.000000","1300.000000","1300.000000","1300.000000","1300.000000","2400.000000","1000.000000","1105.000000","2300.000000","2300.000000","2300.000000","2000.000000","2200.000000","2200.000000","2200.000000","2200.000000","2200.000000","2200.000000","2200.000000","2209.000000","2208.000000","2206.000000","2208.000000","2207.000000","2207.000000","2207.000000"
"2","'004","Afghanistan","260","'01450","Olives","5412","Yield","kg/ha","1666.700000","1833.300000","1666.700000","1833.300000","1666.700000","1833.300000","1666.700000","2000.000000","1666.700000","2000.000000","1666.700000","2000.000000","1666.700000","2166.700000","1666.700000","2226.700000","2291.700000","2117.200000","1125.000000","1170.000000","833.300000","640.000000","384.600000","140.100000","579.800000","1444.800000","692.300000","823.100000","615.400000","774.600000","692.300000","846.200000","692.300000","846.200000","692.300000","846.200000","692.300000","846.200000","692.300000","846.200000","692.300000","846.200000","1000.000000","2550.000000","2454.300000","692.200000","692.200000","2521.700000","4500.000000","3318.200000","3000.000000","3000.000000","3038.500000","3143.700000","3396.500000","3636.600000","3377.900000","3462.200000","3593.700000","3633.300000","3477.700000","3503.000000","3527.100000"
"2","'004","Afghanistan","260","'01450","Olives","5510","Production","t","1000.000000","1100.000000","1000.000000","1100.000000","1000.000000","1100.000000","1000.000000","1200.000000","1000.000000","1200.000000","1000.000000","1200.000000","1000.000000","1300.000000","1000.000000","1336.000000","1375.000000","1319.000000","900.000000","1170.000000","1000.000000","800.000000","500.000000","194.000000","803.000000","2001.000000","900.000000","1070.000000","800.000000","1100.000000","900.000000","1100.000000","900.000000","1100.000000","900.000000","1100.000000","900.000000","1100.000000","900.000000","1100.000000","900.000000","1100.000000","2400.000000","2550.000000","2712.000000","1592.000000","1592.000000","5800.000000","9000.000000","7300.000000","6600.000000","6600.000000","6684.790000","6916.190000","7472.330000","8000.600000","7463.040000","7645.320000","7926.570000","8021.470000","7676.130000","7730.680000","7785.230000"
"2","'004","Afghanistan","403","'01253.02","Onions and shallots, dry (excluding dehydrated)","5312","Area harvested","ha",,,,,,,,,,,,,,,,,,,,,,,,,,,,,,,"42310.000000","41464.000000","40596.000000","39703.000000","38787.000000","37844.000000","36876.000000","35879.000000","34854.000000","33798.000000","32712.000000","31592.000000","30437.000000","29293.000000","28155.000000","26972.000000","25742.000000","24462.000000","23128.000000","21738.000000","20288.000000","18867.000000","16821.000000","14300.000000","14300.000000","13335.000000","17721.000000","10551.000000","18343.000000","19351.000000","30027.000000","30470.000000","34000.000000"
"2","'004","Afghanistan","403","'01253.02","Onions and shallots, dry (excluding dehydrated)","5412","Yield","kg/ha",,,,,,,,,,,,,,,,,,,,,,,,,,,,,,,"19362.600000","19111.100000","18859.500000","18608.000000","18356.400000","18104.900000","17853.300000","17601.800000","17350.200000","17098.700000","16847.100000","16595.600000","16344.000000","16066.800000","15764.000000","15461.100000","15158.200000","14855.400000","14552.500000","14249.700000","13946.800000","14190.900000","13688.900000","13833.700000","13835.700000","10622.300000","11963.200000","15426.200000","19229.400000","16847.000000","17750.700000","17755.200000","17235.300000"
"2","'004","Afghanistan","403","'01253.02","Onions and shallots, dry (excluding dehydrated)","5510","Production","t",,,,,,,,,,,,,,,,,,,,,,,,,,,,,,,"819241.400000","792426.750000","765612.110000","738797.460000","711982.810000","685168.170000","658353.520000","631538.880000","604724.230000","577909.590000","551094.940000","524280.290000","497465.650000","470651.000000","443836.360000","417021.710000","390207.070000","363392.420000","336577.780000","309763.130000","282948.480000","267743.500000","230266.950000","197822.000000","197851.000000","141649.000000","212000.000000","162761.320000","352725.000000","326006.000000","533000.000000","541000.000000","586000.000000"
"2","'004","Afghanistan","490","'01323","Oranges","5312","Area harvested","ha","1430.000000","1430.000000","1430.000000","1510.000000","1590.000000","1760.000000","1960.000000","1920.000000","1950.000000","1960.000000","1960.000000","2020.000000","2060.000000","2090.000000","2100.000000","2100.000000","2100.000000","2090.000000","2020.000000","2020.000000","1980.000000","1900.000000","1820.000000","1750.000000","1700.000000","1660.000000","1430.000000","1490.000000","1500.000000","1516.000000","1376.000000","1361.000000","1421.000000","1434.000000","1448.000000","1462.000000","1477.000000","1491.000000","1508.000000","1523.000000","1538.000000","1555.000000","1860.000000","1400.000000","1237.000000","1000.000000","1000.000000","1000.000000","1000.000000","1000.000000","1000.000000","1000.000000","1050.000000","1050.000000","1005.000000","970.000000","798.000000","970.000000","973.000000","415.000000","1782.000000","1825.000000","1242.000000"
"2","'004","Afghanistan","490","'01323","Oranges","5412","Yield","kg/ha","7062.900000","7062.900000","7062.900000","8211.900000","8616.400000","8693.200000","9438.800000","9739.600000","9692.300000","9336.700000","7346.900000","8811.900000","8980.600000","8947.400000","8952.400000","8381.000000","4952.400000","7272.700000","7178.200000","7425.700000","7525.300000","7526.300000","7692.300000","7657.100000","7529.400000","7831.300000","7762.200000","7583.900000","7600.000000","7505.300000","8669.200000","8526.000000","8382.700000","8239.500000","8096.200000","7953.000000","7809.800000","7666.500000","7523.300000","7380.000000","7236.800000","7087.200000","7259.800000","7714.300000","7679.900000","6284.000000","7109.000000","6500.000000","4000.000000","2000.000000","6000.000000","6000.000000","6019.000000","6600.000000","4901.500000","5445.100000","5825.800000","6056.700000","6172.800000","7231.300000","6718.500000","5814.400000","5946.800000"